{
  "task": "medium",
  "episodes": 5,
  "mean_reward": -3.8999999999999995,
  "min_reward": -3.8999999999999995,
  "max_reward": -3.8999999999999995,
  "seed": 42,
  "total_timesteps": 10000,
  "algorithm": "dqn"
}