{
  "task": "easy",
  "episodes": 5,
  "mean_reward": 2.3999999999999995,
  "min_reward": 2.3999999999999995,
  "max_reward": 2.3999999999999995,
  "seed": 42,
  "total_timesteps": 200000,
  "algorithm": "ppo"
}