{
  "task": "medium",
  "episodes": 5,
  "mean_reward": 2.8499999999999996,
  "min_reward": 2.8499999999999996,
  "max_reward": 2.8499999999999996,
  "seed": 43,
  "total_timesteps": 8000,
  "algorithm": "ppo"
}